<environmentvariabledefinition schemaname="ir_ActionableEmailProviderId">
  <defaultvalue>77fa83d2-0706-4dd5-897e-cae574ae740d</defaultvalue>
  <description default="Use https://outlook.office.com/connectors/oam/publish to register a provider">
    <label description="Use https://outlook.office.com/connectors/oam/publish to register a provider" languagecode="1033" />
  </description>
  <displayname default="Actionable Email Provider Id">
    <label description="Actionable Email Provider Id" languagecode="1033" />
  </displayname>
  <introducedversion>1.0.0.1</introducedversion>
  <iscustomizable>1</iscustomizable>
  <isrequired>0</isrequired>
  <type>100000000</type>
</environmentvariabledefinition>