<environmentvariabledefinition schemaname="ir_SendApprovalNotificationHTTPEndpoint">
  <defaultvalue>https://prod-20.australiasoutheast.logic.azure.com:443/workflows/c99960db38c64bfd81879f683644b566/triggers/manual/paths/invoke?api-version=2016-06-01&amp;sp=%2Ftriggers%2Fmanual%2Frun&amp;sv=1.0&amp;sig=wgRj9cWaWv7XtanKoOYO6QZDkopfOAPtM2oKRssFF7I</defaultvalue>
  <description default="Copy from flow's trigger once the url is generated">
    <label description="Copy from flow's trigger once the url is generated" languagecode="1033" />
  </description>
  <displayname default="Send Approval Notification HTTP Endpoint">
    <label description="Send Approval Notification HTTP Endpoint" languagecode="1033" />
  </displayname>
  <introducedversion>1.0.0.1</introducedversion>
  <iscustomizable>1</iscustomizable>
  <isrequired>0</isrequired>
  <type>100000000</type>
</environmentvariabledefinition>