<environmentvariabledefinition schemaname="ir_CreateWorkflowforProjectProposalHTTPEndpoint">
  <defaultvalue>https://prod-25.australiasoutheast.logic.azure.com:443/workflows/2e2f3ff179ae4d5e911af9b3058855d3/triggers/manual/paths/invoke?api-version=2016-06-01&amp;sp=%2Ftriggers%2Fmanual%2Frun&amp;sv=1.0&amp;sig=YWPRTY9_Trm6FkUFzXrBAnmpKD_91OgLlZ5FAmweYkw</defaultvalue>
  <description default="Copy from flow's trigger once the url is generated">
    <label description="Copy from flow's trigger once the url is generated" languagecode="1033" />
  </description>
  <displayname default="Create Workflow for Project Proposal HTTP Endpoint">
    <label description="Create Workflow for Project Proposal HTTP Endpoint" languagecode="1033" />
  </displayname>
  <introducedversion>1.0.0.1</introducedversion>
  <iscustomizable>1</iscustomizable>
  <isrequired>0</isrequired>
  <type>100000000</type>
</environmentvariabledefinition>