<ImportExportXml version="9.2.21071.134" SolutionPackageVersion="9.2" languagecode="1033" generatedBy="CrmLive" xmlns:xsi="http://www.w3.org/2001/XMLSchema-instance">
  <SolutionManifest>
    <UniqueName>ScalableWorkflow</UniqueName>
    <LocalizedNames>
      <LocalizedName description="Scalable Workflow" languagecode="1033" />
    </LocalizedNames>
    <Descriptions />
    <Version>1.0.0.1</Version>
    <Managed>0</Managed>
    <Publisher>
      <UniqueName>IrfanRizvi</UniqueName>
      <LocalizedNames>
        <LocalizedName description="IrfanRizvi" languagecode="1033" />
      </LocalizedNames>
      <Descriptions />
      <EMailAddress xsi:nil="true"></EMailAddress>
      <SupportingWebsiteUrl>www.irfanrizvi.com</SupportingWebsiteUrl>
      <CustomizationPrefix>ir</CustomizationPrefix>
      <CustomizationOptionValuePrefix>10000</CustomizationOptionValuePrefix>
      <Addresses>
        <Address>
          <AddressNumber>1</AddressNumber>
          <AddressTypeCode>1</AddressTypeCode>
          <City xsi:nil="true"></City>
          <County xsi:nil="true"></County>
          <Country xsi:nil="true"></Country>
          <Fax xsi:nil="true"></Fax>
          <FreightTermsCode xsi:nil="true"></FreightTermsCode>
          <ImportSequenceNumber xsi:nil="true"></ImportSequenceNumber>
          <Latitude xsi:nil="true"></Latitude>
          <Line1 xsi:nil="true"></Line1>
          <Line2 xsi:nil="true"></Line2>
          <Line3 xsi:nil="true"></Line3>
          <Longitude xsi:nil="true"></Longitude>
          <Name xsi:nil="true"></Name>
          <PostalCode xsi:nil="true"></PostalCode>
          <PostOfficeBox xsi:nil="true"></PostOfficeBox>
          <PrimaryContactName xsi:nil="true"></PrimaryContactName>
          <ShippingMethodCode>1</ShippingMethodCode>
          <StateOrProvince xsi:nil="true"></StateOrProvince>
          <Telephone1 xsi:nil="true"></Telephone1>
          <Telephone2 xsi:nil="true"></Telephone2>
          <Telephone3 xsi:nil="true"></Telephone3>
          <TimeZoneRuleVersionNumber xsi:nil="true"></TimeZoneRuleVersionNumber>
          <UPSZone xsi:nil="true"></UPSZone>
          <UTCOffset xsi:nil="true"></UTCOffset>
          <UTCConversionTimeZoneCode xsi:nil="true"></UTCConversionTimeZoneCode>
        </Address>
        <Address>
          <AddressNumber>2</AddressNumber>
          <AddressTypeCode>1</AddressTypeCode>
          <City xsi:nil="true"></City>
          <County xsi:nil="true"></County>
          <Country xsi:nil="true"></Country>
          <Fax xsi:nil="true"></Fax>
          <FreightTermsCode xsi:nil="true"></FreightTermsCode>
          <ImportSequenceNumber xsi:nil="true"></ImportSequenceNumber>
          <Latitude xsi:nil="true"></Latitude>
          <Line1 xsi:nil="true"></Line1>
          <Line2 xsi:nil="true"></Line2>
          <Line3 xsi:nil="true"></Line3>
          <Longitude xsi:nil="true"></Longitude>
          <Name xsi:nil="true"></Name>
          <PostalCode xsi:nil="true"></PostalCode>
          <PostOfficeBox xsi:nil="true"></PostOfficeBox>
          <PrimaryContactName xsi:nil="true"></PrimaryContactName>
          <ShippingMethodCode>1</ShippingMethodCode>
          <StateOrProvince xsi:nil="true"></StateOrProvince>
          <Telephone1 xsi:nil="true"></Telephone1>
          <Telephone2 xsi:nil="true"></Telephone2>
          <Telephone3 xsi:nil="true"></Telephone3>
          <TimeZoneRuleVersionNumber xsi:nil="true"></TimeZoneRuleVersionNumber>
          <UPSZone xsi:nil="true"></UPSZone>
          <UTCOffset xsi:nil="true"></UTCOffset>
          <UTCConversionTimeZoneCode xsi:nil="true"></UTCConversionTimeZoneCode>
        </Address>
      </Addresses>
    </Publisher>
    <RootComponents>
      <RootComponent type="1" schemaName="ir_department" behavior="0" />
      <RootComponent type="1" schemaName="ir_projectproposal" behavior="0" />
      <RootComponent type="1" schemaName="ir_projectproposalapprover" behavior="0" />
      <RootComponent type="1" schemaName="ir_workflow" behavior="0" />
      <RootComponent type="1" schemaName="ir_workflowconfiguration" behavior="0" />
      <RootComponent type="1" schemaName="ir_workflowstageapprover" behavior="0" />
      <RootComponent type="1" schemaName="ir_workflowstageconfiguration" behavior="0" />
      <RootComponent type="1" schemaName="ir_workflowtask" behavior="0" />
      <RootComponent type="1" schemaName="systemuser" behavior="0" />
      <RootComponent type="9" schemaName="ir_budgetranges" behavior="0" />
      <RootComponent type="9" schemaName="ir_workflowstatuses" behavior="0" />
      <RootComponent type="9" schemaName="ir_workflowtaskstatuses" behavior="0" />
      <RootComponent type="29" id="{04384798-d2ea-eb11-bacb-002248157a0f}" behavior="0" />
      <RootComponent type="29" id="{068de410-feed-eb11-94ef-00224814e869}" behavior="0" />
      <RootComponent type="29" id="{0d896403-a042-4088-99c1-fe3e0b288463}" behavior="0" />
      <RootComponent type="29" id="{283c4b65-53ab-4b59-8dad-d86002ee241f}" behavior="0" />
      <RootComponent type="29" id="{340e9ab5-a3eb-eb11-bacb-002248157a0f}" behavior="0" />
      <RootComponent type="29" id="{4b1d5a82-b4ea-eb11-bacb-002248157a0f}" behavior="0" />
      <RootComponent type="29" id="{66874340-74eb-eb11-bacb-002248157a0f}" behavior="0" />
      <RootComponent type="29" id="{72d76ee6-70eb-eb11-bacb-002248157a0f}" behavior="0" />
      <RootComponent type="29" id="{9622c588-dbed-eb11-94ef-00224814e869}" behavior="0" />
      <RootComponent type="29" id="{a5dae335-d8ed-eb11-94ef-00224814e869}" behavior="0" />
      <RootComponent type="29" id="{ce75def0-c5ed-eb11-94ef-00224814e869}" behavior="0" />
      <RootComponent type="29" id="{f5bde172-a5eb-eb11-bacb-002248157a0f}" behavior="0" />
      <RootComponent type="29" id="{f923abeb-46eb-eb11-bacb-002248157a0f}" behavior="0" />
      <RootComponent type="60" id="{14de2406-6cc7-414e-aaae-6faeff957884}" behavior="0" />
      <RootComponent type="60" id="{24db3a66-db2e-4bb4-9102-1940be4536c4}" behavior="0" />
      <RootComponent type="60" id="{351bcd81-4cde-4ecc-807e-36340665ce6e}" behavior="0" />
      <RootComponent type="60" id="{55e5d51b-0299-44b8-86d1-dc63f57b8829}" behavior="0" />
      <RootComponent type="60" id="{ae63754f-5ce1-4424-a68f-d89ead8b2b5e}" behavior="0" />
      <RootComponent type="60" id="{b9bca1ba-12cf-4fe6-8f8a-661b36968cff}" behavior="0" />
      <RootComponent type="60" id="{ca94ac7c-1674-466e-9dea-e073ea239888}" behavior="0" />
      <RootComponent type="62" schemaName="ir_ScalableWorkflowManagement" behavior="0" />
      <RootComponent type="80" schemaName="ir_ScalableWorkflowManagement" behavior="0" />
      <RootComponent type="300" schemaName="ir_projectproposalsubmissionapp_d5cfe" behavior="0" />
    </RootComponents>
    <MissingDependencies>
      <MissingDependency>
        <Required type="1" schemaName="adx_webformsession" displayName="Web Form Session" solution="MicrosoftPortalWebForms (9.2.2103.1)" />
        <Dependent type="1" schemaName="systemuser" displayName="User" />
      </MissingDependency>
      <MissingDependency>
        <Required type="1" schemaName="appusersetting" displayName="Model-Driven App User Setting" solution="AppModule (9.1.21065.210629002)" />
        <Dependent type="1" schemaName="systemuser" displayName="User" />
      </MissingDependency>
      <MissingDependency>
        <Required type="1" schemaName="bot" displayName="Chatbot" solution="PowerVirtualAgents (1.1.2.365)" />
        <Dependent type="1" schemaName="systemuser" displayName="User" />
      </MissingDependency>
      <MissingDependency>
        <Required type="1" schemaName="usermobileofflineprofilemembership" displayName="UserMobileOfflineProfileMembership" solution="MobileOfflineMembership (1.0.0.2)" />
        <Dependent type="1" schemaName="systemuser" displayName="User" />
      </MissingDependency>
      <MissingDependency>
        <Required type="61" schemaName="msdyn_/Images/AppModule_Default_Icon.png" displayName="msdyn_/Images/AppModule_Default_Icon.png" solution="AppModuleWebResources (2.5)" />
        <Dependent type="80" schemaName="ir_ScalableWorkflowManagement" displayName="Scalable Workflow Management" />
      </MissingDependency>
      <MissingDependency>
        <Required type="66" schemaName="MscrmControls.FieldControls.ToggleControl" displayName="MscrmControls.FieldControls.ToggleControl" solution="BaseCustomControlsCore (9.0.2107.1010)" />
        <Dependent type="60" displayName="Information" parentDisplayName="Workflow Stage Approver" id="{ca94ac7c-1674-466e-9dea-e073ea239888}" />
      </MissingDependency>
    </MissingDependencies>
  </SolutionManifest>
</ImportExportXml>