<environmentvariabledefinition schemaname="ir_StartProjectProposalWorkflowHTTPEndpoint">
  <defaultvalue>https://prod-05.australiasoutheast.logic.azure.com:443/workflows/4d0c019b80cd4a8fb5b56a0c4f8d1f0d/triggers/manual/paths/invoke?api-version=2016-06-01&amp;sp=%2Ftriggers%2Fmanual%2Frun&amp;sv=1.0&amp;sig=k6buAzlDXCZh0BPiTyKCCvu0x1Szn7fyObLVtCc2Y1E</defaultvalue>
  <description default="Copy from flow's trigger once the url is generated">
    <label description="Copy from flow's trigger once the url is generated" languagecode="1033" />
  </description>
  <displayname default=" Start Project Proposal Workflow HTTP Endpoint">
    <label description=" Start Project Proposal Workflow HTTP Endpoint" languagecode="1033" />
  </displayname>
  <introducedversion>1.0.0.1</introducedversion>
  <iscustomizable>1</iscustomizable>
  <isrequired>0</isrequired>
  <type>100000000</type>
</environmentvariabledefinition>