<environmentvariabledefinition schemaname="ir_RecieveApprovalResultHTTPEndpoint">
  <defaultvalue>https://prod-05.australiasoutheast.logic.azure.com:443/workflows/04e74404f96e40e2ad2324cccfb852aa/triggers/manual/paths/invoke?api-version=2016-06-01&amp;sp=%2Ftriggers%2Fmanual%2Frun&amp;sv=1.0&amp;sig=oDnqeJAksCjEHQZkJ76FN7kOk0JVDThDU6RnV5k6tnA</defaultvalue>
  <description default="Copy from flow's trigger once the url is generated">
    <label description="Copy from flow's trigger once the url is generated" languagecode="1033" />
  </description>
  <displayname default="Recieve Approval Result HTTP Endpoint">
    <label description="Recieve Approval Result HTTP Endpoint" languagecode="1033" />
  </displayname>
  <introducedversion>1.0.0.1</introducedversion>
  <iscustomizable>1</iscustomizable>
  <isrequired>0</isrequired>
  <type>100000000</type>
</environmentvariabledefinition>