{"properties":{"connectionReferences":{},"definition":{"$schema":"https://schema.management.azure.com/providers/Microsoft.Logic/schemas/2016-06-01/workflowdefinition.json#","contentVersion":"1.0.0.0","parameters":{"$authentication":{"defaultValue":{},"type":"SecureObject"}},"triggers":{"manual":{"type":"Request","kind":"PowerApp","inputs":{"schema":{"type":"object","properties":{"WorkflowId_Value":{"type":"string","description":"Enter initial value","x-ms-powerflows-param-ispartial":false},"WorkflowTaskId_Value":{"type":"string","description":"Enter initial value","x-ms-powerflows-param-ispartial":false}},"required":["WorkflowId_Value","WorkflowTaskId_Value"]}}}},"actions":{"WorkflowId":{"runAfter":{},"type":"InitializeVariable","inputs":{"variables":[{"name":"WorkflowId","type":"string","value":"@{triggerBody()['WorkflowId_Value']}"}]}},"WorkflowTaskId":{"runAfter":{"WorkflowId":["Succeeded"]},"type":"InitializeVariable","inputs":{"variables":[{"name":"WorkflowTaskId","type":"string","value":"@{triggerBody()['WorkflowTaskId_Value']}"}]}},"Compose_Send_Notification_Request":{"runAfter":{"WorkflowTaskId":["Succeeded"]},"type":"Compose","inputs":{"WorkflowId":"@{variables('WorkflowId')}","WorkflowTaskId":"@{variables('WorkflowTaskId')}"}},"Call_Send_Approval_Notification_Flow":{"runAfter":{"Compose_Send_Notification_Request":["Succeeded"]},"type":"Http","inputs":{"method":"POST","uri":"https://prod-20.australiasoutheast.logic.azure.com:443/workflows/c99960db38c64bfd81879f683644b566/triggers/manual/paths/invoke?api-version=2016-06-01&sp=%2Ftriggers%2Fmanual%2Frun&sv=1.0&sig=wgRj9cWaWv7XtanKoOYO6QZDkopfOAPtM2oKRssFF7I","headers":{"content-type":"application/json"},"body":"@outputs('Compose_Send_Notification_Request')"}},"Respond_to_a_PowerApp_or_flow":{"runAfter":{"Call_Send_Approval_Notification_Flow":["Succeeded"]},"type":"Response","kind":"PowerApp","inputs":{"statusCode":200,"body":{},"schema":{"type":"object","properties":{}}}}},"outputs":{}}},"schemaVersion":"1.0.0.0"}