{"properties":{"connectionReferences":{},"definition":{"$schema":"https://schema.management.azure.com/providers/Microsoft.Logic/schemas/2016-06-01/workflowdefinition.json#","contentVersion":"1.0.0.0","parameters":{"$authentication":{"defaultValue":{},"type":"SecureObject"}},"triggers":{"manual":{"type":"Request","kind":"PowerApp","inputs":{"schema":{"type":"object","properties":{"ProjectProposalId_Value":{"type":"string","description":"Enter initial value","x-ms-powerflows-param-ispartial":false},"WorkflowId_Value":{"type":"string","description":"Enter initial value","x-ms-powerflows-param-ispartial":false},"Operation_Value":{"type":"string","description":"Enter initial value","x-ms-powerflows-param-ispartial":false}},"required":["ProjectProposalId_Value","WorkflowId_Value","Operation_Value"]}}}},"actions":{"ProjectProposalId":{"runAfter":{},"type":"InitializeVariable","inputs":{"variables":[{"name":"ProjectProposalId","type":"string","value":"@{triggerBody()['ProjectProposalId_Value']}"}]}},"WorkflowId":{"runAfter":{"ProjectProposalId":["Succeeded"]},"type":"InitializeVariable","inputs":{"variables":[{"name":"WorkflowId","type":"string","value":"@{triggerBody()['WorkflowId_Value']}"}]}},"Operation":{"runAfter":{"WorkflowId":["Succeeded"]},"type":"InitializeVariable","inputs":{"variables":[{"name":"Operation","type":"string","value":"@{triggerBody()['Operation_Value']}"}]}},"Check_Operation":{"actions":{"Compose_Create_Request":{"runAfter":{},"type":"Compose","inputs":{"ProjectProposalId":"@{variables('ProjectProposalId')}"}},"Call_Workflow_Creation_Flow":{"runAfter":{"Compose_Create_Request":["Succeeded"]},"type":"Http","inputs":{"method":"POST","uri":"https://prod-25.australiasoutheast.logic.azure.com:443/workflows/2e2f3ff179ae4d5e911af9b3058855d3/triggers/manual/paths/invoke?api-version=2016-06-01&sp=%2Ftriggers%2Fmanual%2Frun&sv=1.0&sig=YWPRTY9_Trm6FkUFzXrBAnmpKD_91OgLlZ5FAmweYkw","headers":{"ontecnt-type":"application/json"},"body":"@outputs('Compose_Create_Request')"}}},"runAfter":{"Operation":["Succeeded"]},"else":{"actions":{"Compose_Start_Request":{"runAfter":{},"type":"Compose","inputs":{"ProjectProposalId":"@{variables('ProjectProposalId')}","WorkflowId":"@{variables('WorkflowId')}"}},"Call_Workflow_Start_Flow":{"runAfter":{"Compose_Start_Request":["Succeeded"]},"type":"Http","inputs":{"method":"POST","uri":"https://prod-05.australiasoutheast.logic.azure.com:443/workflows/4d0c019b80cd4a8fb5b56a0c4f8d1f0d/triggers/manual/paths/invoke?api-version=2016-06-01&sp=%2Ftriggers%2Fmanual%2Frun&sv=1.0&sig=k6buAzlDXCZh0BPiTyKCCvu0x1Szn7fyObLVtCc2Y1E","headers":{"content-type":"application/json"},"body":"@outputs('Compose_Start_Request')"}}}},"expression":{"equals":["@variables('Operation')","Create"]},"type":"If"},"Respond_to_a_PowerApp_or_flow":{"runAfter":{"Check_Operation":["Succeeded"]},"type":"Response","kind":"PowerApp","inputs":{"statusCode":200,"body":{},"schema":{"type":"object","properties":{}}}}},"outputs":{}}},"schemaVersion":"1.0.0.0"}