{"properties":{"connectionReferences":{"shared_commondataserviceforapps":{"runtimeSource":"embedded","connection":{"connectionReferenceLogicalName":"ir_sharedcommondataserviceforapps_9121f"},"api":{"name":"shared_commondataserviceforapps"}}},"definition":{"$schema":"https://schema.management.azure.com/providers/Microsoft.Logic/schemas/2016-06-01/workflowdefinition.json#","contentVersion":"1.0.0.0","parameters":{"$connections":{"defaultValue":{},"type":"Object"},"$authentication":{"defaultValue":{},"type":"SecureObject"}},"triggers":{"When_Workflow_is_Cancelled":{"type":"OpenApiConnectionWebhook","inputs":{"host":{"connectionName":"shared_commondataserviceforapps","operationId":"SubscribeWebhookTrigger","apiId":"/providers/Microsoft.PowerApps/apis/shared_commondataserviceforapps"},"parameters":{"subscriptionRequest/message":3,"subscriptionRequest/entityname":"ir_workflow","subscriptionRequest/scope":4,"subscriptionRequest/filteringattributes":"ir_workflowstatus","subscriptionRequest/filterexpression":"ir_workflowstatus eq 100000004"},"authentication":"@parameters('$authentication')"}}},"actions":{"Get_Workflow_Tasks_for_Current_Workflow":{"runAfter":{},"type":"OpenApiConnection","inputs":{"host":{"connectionName":"shared_commondataserviceforapps","operationId":"ListRecords","apiId":"/providers/Microsoft.PowerApps/apis/shared_commondataserviceforapps"},"parameters":{"entityName":"ir_workflowtasks","$filter":"_ir_workflow_value eq '@{triggerOutputs()?['body/ir_workflowid']}'"},"authentication":"@parameters('$authentication')"}},"Apply_to_each_Workflow_Task":{"foreach":"@outputs('Get_Workflow_Tasks_for_Current_Workflow')?['body/value']","actions":{"Mark_Workflow_Tasks_as_Cancelled":{"runAfter":{},"type":"OpenApiConnection","inputs":{"host":{"connectionName":"shared_commondataserviceforapps","operationId":"UpdateRecord","apiId":"/providers/Microsoft.PowerApps/apis/shared_commondataserviceforapps"},"parameters":{"entityName":"ir_workflowtasks","recordId":"@items('Apply_to_each_Workflow_Task')?['ir_workflowtaskid']","item/ir_taskstatus":100000004},"authentication":"@parameters('$authentication')"}}},"runAfter":{"Get_Workflow_Tasks_for_Current_Workflow":["Succeeded"]},"type":"Foreach"}},"outputs":{}}},"schemaVersion":"1.0.0.0"}