{"properties":{"connectionReferences":{"shared_commondataserviceforapps":{"runtimeSource":"embedded","connection":{"connectionReferenceLogicalName":"ir_sharedcommondataserviceforapps_9121f"},"api":{"name":"shared_commondataserviceforapps"}}},"definition":{"$schema":"https://schema.management.azure.com/providers/Microsoft.Logic/schemas/2016-06-01/workflowdefinition.json#","contentVersion":"1.0.0.0","parameters":{"$connections":{"defaultValue":{},"type":"Object"},"$authentication":{"defaultValue":{},"type":"SecureObject"}},"triggers":{"manual":{"type":"Request","kind":"Http","inputs":{"schema":{"type":"object","properties":{"ProjectProposalId":{"type":"string"}}}}}},"actions":{"Initialize_ProjectProposalId":{"runAfter":{},"type":"InitializeVariable","inputs":{"variables":[{"name":"ProjectProposalId","type":"string","value":"@triggerBody()?['ProjectProposalId']"}]}},"Get_Project_Proposal_Details":{"runAfter":{"Initialize_ProjectProposalId":["Succeeded"]},"type":"OpenApiConnection","inputs":{"host":{"connectionName":"shared_commondataserviceforapps","operationId":"GetItem","apiId":"/providers/Microsoft.PowerApps/apis/shared_commondataserviceforapps"},"parameters":{"entityName":"ir_projectproposals","recordId":"@variables('ProjectProposalId')"},"authentication":"@parameters('$authentication')"}},"Create_New_Workflow_Instance":{"runAfter":{"Get_Project_Proposal_Approvers":["Succeeded"]},"type":"OpenApiConnection","inputs":{"host":{"connectionName":"shared_commondataserviceforapps","operationId":"CreateRecord","apiId":"/providers/Microsoft.PowerApps/apis/shared_commondataserviceforapps"},"parameters":{"entityName":"ir_workflows","item/ir_name":"@concat(outputs('Get_Project_Proposal_Details')?['body/ir_name'],ticks(utcNow()))","item/ir_ProjectProposal@odata.bind":"ir_projectproposals(@{variables('ProjectProposalId')})","item/ir_workflowstatus":100000000},"authentication":"@parameters('$authentication')"}},"Get_Workflow_Configuration_for_current_Project_Proposal":{"runAfter":{"Create_New_Workflow_Instance":["Succeeded"]},"type":"OpenApiConnection","inputs":{"host":{"connectionName":"shared_commondataserviceforapps","operationId":"ListRecords","apiId":"/providers/Microsoft.PowerApps/apis/shared_commondataserviceforapps"},"parameters":{"entityName":"ir_workflowconfigurations","$filter":"ir_referencekey eq '@{outputs('Get_Project_Proposal_Details')?['body/ir_referencekey']}'","$top":1},"authentication":"@parameters('$authentication')"},"description":"Return Only 1 record"},"Response":{"runAfter":{"Apply_to_each_Workflow_Configuration":["Succeeded"]},"type":"Response","kind":"Http","inputs":{"statusCode":200,"headers":{"Content-Type":"application/json"},"body":{"WorkflowId":"@{outputs('Create_New_Workflow_Instance')?['body/ir_workflowid']}"}}},"Apply_to_each_Workflow_Configuration":{"foreach":"@outputs('Get_Workflow_Configuration_for_current_Project_Proposal')?['body/value']","actions":{"Get_Workflow_Stage_Configurations":{"runAfter":{},"type":"OpenApiConnection","inputs":{"host":{"connectionName":"shared_commondataserviceforapps","operationId":"ListRecords","apiId":"/providers/Microsoft.PowerApps/apis/shared_commondataserviceforapps"},"parameters":{"entityName":"ir_workflowstageconfigurations","$filter":"_ir_workflowconfiguration_value eq '@{items('Apply_to_each_Workflow_Configuration')?['ir_workflowconfigurationid']}'"},"authentication":"@parameters('$authentication')"}},"Apply_to_each_Workflow_Stage_Configuration":{"foreach":"@outputs('Get_Workflow_Stage_Configurations')?['body/value']","actions":{"Get_Workflow_Stage_Approvers":{"runAfter":{},"type":"OpenApiConnection","inputs":{"host":{"connectionName":"shared_commondataserviceforapps","operationId":"ListRecords","apiId":"/providers/Microsoft.PowerApps/apis/shared_commondataserviceforapps"},"parameters":{"entityName":"ir_workflowstageapprovers","$filter":"_ir_workflowstageconfiguration_value eq '@{items('Apply_to_each_Workflow_Stage_Configuration')?['ir_workflowstageconfigurationid']}'"},"authentication":"@parameters('$authentication')"}},"Apply_to_each_Workflow_Stage_Approver":{"foreach":"@outputs('Get_Workflow_Stage_Approvers')?['body/value']","actions":{"Get_Project_Approver_by_Approver_Role":{"runAfter":{},"type":"Query","inputs":{"from":"@outputs('Get_Project_Proposal_Approvers')?['body/value']","where":"@equals(item()?['ir_approvalrole'], items('Apply_to_each_Workflow_Stage_Approver')?['ir_approverrole'])"}},"Apply_to_each":{"foreach":"@body('Get_Project_Approver_by_Approver_Role')","actions":{"Create_Workflow_Task":{"runAfter":{},"type":"OpenApiConnection","inputs":{"host":{"connectionName":"shared_commondataserviceforapps","operationId":"CreateRecord","apiId":"/providers/Microsoft.PowerApps/apis/shared_commondataserviceforapps"},"parameters":{"entityName":"ir_workflowtasks","item/ir_AssignedTo@odata.bind":"systemusers(@{item()?['_ir_approver_value']})","item/ir_mandatory":"@items('Apply_to_each_Workflow_Stage_Approver')?['ir_mandatoryapprover']","item/ir_name":"@item()?['ir_approvalrole']","item/ir_taskstatus":100000000,"item/ir_Workflow@odata.bind":"ir_workflows(@{outputs('Create_New_Workflow_Instance')?['body/ir_workflowid']})","item/ir_workflowstagesequencenumber":"@items('Apply_to_each_Workflow_Stage_Configuration')?['ir_sequencenumber']"},"authentication":"@parameters('$authentication')"}}},"runAfter":{"Get_Project_Approver_by_Approver_Role":["Succeeded"]},"type":"Foreach"}},"runAfter":{"Get_Workflow_Stage_Approvers":["Succeeded"]},"type":"Foreach"}},"runAfter":{"Get_Workflow_Stage_Configurations":["Succeeded"]},"type":"Foreach"}},"runAfter":{"Get_Workflow_Configuration_for_current_Project_Proposal":["Succeeded"]},"type":"Foreach"},"Get_Project_Proposal_Approvers":{"runAfter":{"Get_Project_Proposal_Details":["Succeeded"]},"type":"OpenApiConnection","inputs":{"host":{"connectionName":"shared_commondataserviceforapps","operationId":"ListRecords","apiId":"/providers/Microsoft.PowerApps/apis/shared_commondataserviceforapps"},"parameters":{"entityName":"ir_projectproposalapprovers","$filter":"_ir_projectproposal_value eq '@{variables('ProjectProposalId')}'"},"authentication":"@parameters('$authentication')"}}},"outputs":{}}},"schemaVersion":"1.0.0.0"}