{"properties":{"connectionReferences":{"shared_commondataserviceforapps":{"runtimeSource":"embedded","connection":{"connectionReferenceLogicalName":"ir_sharedcommondataserviceforapps_9121f"},"api":{"name":"shared_commondataserviceforapps"}}},"definition":{"$schema":"https://schema.management.azure.com/providers/Microsoft.Logic/schemas/2016-06-01/workflowdefinition.json#","contentVersion":"1.0.0.0","parameters":{"$connections":{"defaultValue":{},"type":"Object"},"$authentication":{"defaultValue":{},"type":"SecureObject"}},"triggers":{"When_a_row_is_added,_modified_or_deleted":{"type":"OpenApiConnectionWebhook","inputs":{"host":{"connectionName":"shared_commondataserviceforapps","operationId":"SubscribeWebhookTrigger","apiId":"/providers/Microsoft.PowerApps/apis/shared_commondataserviceforapps"},"parameters":{"subscriptionRequest/message":3,"subscriptionRequest/entityname":"ir_workflowtask","subscriptionRequest/scope":4,"subscriptionRequest/filteringattributes":"ir_taskstatus"},"authentication":"@parameters('$authentication')"}}},"actions":{"Get_Current_Workflow_Task":{"runAfter":{},"type":"OpenApiConnection","inputs":{"host":{"connectionName":"shared_commondataserviceforapps","operationId":"GetItem","apiId":"/providers/Microsoft.PowerApps/apis/shared_commondataserviceforapps"},"parameters":{"entityName":"ir_workflowtasks","recordId":"@triggerOutputs()?['body/ir_workflowtaskid']"},"authentication":"@parameters('$authentication')"}},"Get_Workflow":{"runAfter":{"Get_Current_Workflow_Task":["Succeeded"]},"type":"OpenApiConnection","inputs":{"host":{"connectionName":"shared_commondataserviceforapps","operationId":"GetItem","apiId":"/providers/Microsoft.PowerApps/apis/shared_commondataserviceforapps"},"parameters":{"entityName":"ir_workflows","recordId":"@outputs('Get_Current_Workflow_Task')?['body/_ir_workflow_value']"},"authentication":"@parameters('$authentication')"}},"Initialize_NextWorkflowTask":{"runAfter":{"Get_Workflow":["Succeeded"]},"type":"InitializeVariable","inputs":{"variables":[{"name":"NextWorkflowTask","type":"string"}]}},"Initialize_CurrentStage":{"runAfter":{"Initialize_NextWorkflowTask":["Succeeded"]},"type":"InitializeVariable","inputs":{"variables":[{"name":"CurrentStage","type":"integer","value":"@outputs('Get_Workflow')?['body/ir_currentstagesequencenumber']"}]}},"Initialize_NextStage":{"runAfter":{"Initialize_CurrentStage":["Succeeded"]},"type":"InitializeVariable","inputs":{"variables":[{"name":"NextStage","type":"integer","value":"@add(variables('CurrentStage'),1)"}]}},"Initialize_MoveToNextStage":{"runAfter":{"Initialize_NextStage":["Succeeded"]},"type":"InitializeVariable","inputs":{"variables":[{"name":"MoveToNextStage","type":"boolean","value":"@true"}]}},"Initialize_TempAssignedTo":{"runAfter":{"Initialize_MoveToNextStage":["Succeeded"]},"type":"InitializeVariable","inputs":{"variables":[{"name":"TempAssignedTo","type":"string"}]}},"Get_All_Workflow_Tasks_of_the_Current_Workflow":{"runAfter":{"Initialize_TempAssignedTo":["Succeeded"]},"type":"OpenApiConnection","inputs":{"host":{"connectionName":"shared_commondataserviceforapps","operationId":"ListRecords","apiId":"/providers/Microsoft.PowerApps/apis/shared_commondataserviceforapps"},"parameters":{"entityName":"ir_workflowtasks","$filter":"_ir_workflow_value eq '@{outputs('Get_Current_Workflow_Task')?['body/_ir_workflow_value']}'","$orderby":"ir_workflowstagesequencenumber"},"authentication":"@parameters('$authentication')"}},"Check_if_require_processing":{"actions":{"Check_if_Approved":{"actions":{"Get_Current_Stage_Mandatory_Workflow_Tasks":{"runAfter":{},"type":"OpenApiConnection","inputs":{"host":{"connectionName":"shared_commondataserviceforapps","operationId":"ListRecords","apiId":"/providers/Microsoft.PowerApps/apis/shared_commondataserviceforapps"},"parameters":{"entityName":"ir_workflowtasks","$filter":"_ir_workflow_value eq '@{outputs('Get_Current_Workflow_Task')?['body/_ir_workflow_value']}' and ir_workflowstagesequencenumber eq @{variables('CurrentStage')} and ir_mandatory eq true"},"authentication":"@parameters('$authentication')"}},"Apply_to_each_mandatory_tasks":{"foreach":"@outputs('Get_Current_Stage_Mandatory_Workflow_Tasks')?['body/value']","actions":{"Set_TempAssignedTo":{"runAfter":{},"type":"SetVariable","inputs":{"name":"TempAssignedTo","value":"@items('Apply_to_each_mandatory_tasks')?['_ir_assignedto_value']"}},"Check_if_the_task_is_not_yet_approved":{"actions":{"Set_MoveToNextStage_to_False":{"runAfter":{},"type":"SetVariable","inputs":{"name":"MoveToNextStage","value":"@false"}}},"runAfter":{"Set_TempAssignedTo":["Succeeded"]},"expression":{"and":[{"not":{"equals":["@items('Apply_to_each_mandatory_tasks')?['ir_taskstatus']",100000002]}},{"greater":["@length(variables('TempAssignedTo'))",0]}]},"type":"If"}},"runAfter":{"Get_Current_Stage_Mandatory_Workflow_Tasks":["Succeeded"]},"type":"Foreach"},"Should_move_to_next_stage":{"actions":{"Get_Next_Stage_Tasks":{"runAfter":{},"type":"OpenApiConnection","inputs":{"host":{"connectionName":"shared_commondataserviceforapps","operationId":"ListRecords","apiId":"/providers/Microsoft.PowerApps/apis/shared_commondataserviceforapps"},"parameters":{"entityName":"ir_workflowtasks","$filter":"_ir_workflow_value eq '@{outputs('Get_Current_Workflow_Task')?['body/_ir_workflow_value']}' and ir_workflowstagesequencenumber eq @{variables('NextStage')}"},"authentication":"@parameters('$authentication')"}},"Check_if_there_are_any_tasks_in_Next_Stage":{"actions":{"Update_Current_Stage_of_Workflow":{"runAfter":{},"type":"OpenApiConnection","inputs":{"host":{"connectionName":"shared_commondataserviceforapps","operationId":"UpdateRecord","apiId":"/providers/Microsoft.PowerApps/apis/shared_commondataserviceforapps"},"parameters":{"entityName":"ir_workflows","recordId":"@outputs('Get_Current_Workflow_Task')?['body/_ir_workflow_value']","item/ir_currentstagesequencenumber":"@variables('NextStage')"},"authentication":"@parameters('$authentication')"}},"Apply_to_each_task_in_next_stage":{"foreach":"@outputs('Get_Next_Stage_Tasks')?['body/value']","actions":{"Compose":{"runAfter":{},"type":"Compose","inputs":{"WorkflowId":"@{items('Apply_to_each_task_in_next_stage')?['_ir_workflow_value']}","WorkflowTaskId":"@{items('Apply_to_each_task_in_next_stage')?['ir_workflowtaskid']}"}},"Call_Send_Approval_Notification_Flow":{"runAfter":{"Compose":["Succeeded"]},"type":"Http","inputs":{"method":"POST","uri":"https://prod-20.australiasoutheast.logic.azure.com:443/workflows/c99960db38c64bfd81879f683644b566/triggers/manual/paths/invoke?api-version=2016-06-01&sp=%2Ftriggers%2Fmanual%2Frun&sv=1.0&sig=wgRj9cWaWv7XtanKoOYO6QZDkopfOAPtM2oKRssFF7I","headers":{"content-type":"application/json"},"body":"@outputs('Compose')"}}},"runAfter":{"Update_Current_Stage_of_Workflow":["Succeeded"]},"type":"Foreach"}},"runAfter":{"Get_Next_Stage_Tasks":["Succeeded"]},"else":{"actions":{"Mark_Workflow_Approved":{"runAfter":{},"type":"OpenApiConnection","inputs":{"host":{"connectionName":"shared_commondataserviceforapps","operationId":"UpdateRecord","apiId":"/providers/Microsoft.PowerApps/apis/shared_commondataserviceforapps"},"parameters":{"entityName":"ir_workflows","recordId":"@outputs('Get_Current_Workflow_Task')?['body/_ir_workflow_value']","item/ir_workflowstatus":100000002},"authentication":"@parameters('$authentication')"}},"Mark_Project_Proposal_Approved":{"runAfter":{"Mark_Workflow_Approved":["Succeeded"]},"type":"OpenApiConnection","inputs":{"host":{"connectionName":"shared_commondataserviceforapps","operationId":"UpdateRecord","apiId":"/providers/Microsoft.PowerApps/apis/shared_commondataserviceforapps"},"parameters":{"entityName":"ir_projectproposals","recordId":"@outputs('Get_Workflow')?['body/_ir_projectproposal_value']","item/ir_approvalstatus":100000002},"authentication":"@parameters('$authentication')"}}}},"expression":{"greater":["@length(outputs('Get_Next_Stage_Tasks')?['body/value'])",0]},"type":"If","description":"If no tasks in next stage means we have reached the end of workflow"}},"runAfter":{"Apply_to_each_mandatory_tasks":["Succeeded"]},"expression":{"equals":["@variables('MoveToNextStage')","@true"]},"type":"If"}},"runAfter":{},"else":{"actions":{"Mark_Workflow_Rejected":{"runAfter":{},"type":"OpenApiConnection","inputs":{"host":{"connectionName":"shared_commondataserviceforapps","operationId":"UpdateRecord","apiId":"/providers/Microsoft.PowerApps/apis/shared_commondataserviceforapps"},"parameters":{"entityName":"ir_workflows","recordId":"@outputs('Get_Current_Workflow_Task')?['body/_ir_workflow_value']","item/ir_workflowstatus":100000003},"authentication":"@parameters('$authentication')"}},"Mark_Project_Proposal_Rejected":{"runAfter":{"Mark_Workflow_Rejected":["Succeeded"]},"type":"OpenApiConnection","inputs":{"host":{"connectionName":"shared_commondataserviceforapps","operationId":"UpdateRecord","apiId":"/providers/Microsoft.PowerApps/apis/shared_commondataserviceforapps"},"parameters":{"entityName":"ir_projectproposals","recordId":"@outputs('Get_Workflow')?['body/_ir_projectproposal_value']","item/ir_approvalstatus":100000003},"authentication":"@parameters('$authentication')"}}}},"expression":{"equals":["@outputs('Get_Current_Workflow_Task')?['body/ir_taskstatus']",100000002]},"type":"If"}},"runAfter":{"Get_All_Workflow_Tasks_of_the_Current_Workflow":["Succeeded"]},"expression":{"and":[{"equals":["@outputs('Get_Current_Workflow_Task')?['body/ir_mandatory']","@true"]},{"or":[{"equals":["@outputs('Get_Current_Workflow_Task')?['body/ir_taskstatus']",100000002]},{"equals":["@outputs('Get_Current_Workflow_Task')?['body/ir_taskstatus']",100000003]}]},{"equals":["@variables('CurrentStage')","@outputs('Get_Workflow')?['body/ir_currentstagesequencenumber']"]}]},"type":"If"}},"outputs":{}}},"schemaVersion":"1.0.0.0"}