{"properties":{"connectionReferences":{"shared_commondataserviceforapps":{"runtimeSource":"embedded","connection":{"connectionReferenceLogicalName":"ir_sharedcommondataserviceforapps_9121f"},"api":{"name":"shared_commondataserviceforapps"}}},"definition":{"$schema":"https://schema.management.azure.com/providers/Microsoft.Logic/schemas/2016-06-01/workflowdefinition.json#","contentVersion":"1.0.0.0","parameters":{"$connections":{"defaultValue":{},"type":"Object"},"$authentication":{"defaultValue":{},"type":"SecureObject"}},"triggers":{"manual":{"type":"Request","kind":"Http","inputs":{"schema":{"type":"object","properties":{"WorkflowTaskId":{"type":"string"},"WorkflowResult":{"type":"string"},"Comments":{"type":"string"}}}}}},"actions":{"Get_Workflow_Task":{"runAfter":{},"type":"OpenApiConnection","inputs":{"host":{"connectionName":"shared_commondataserviceforapps","operationId":"GetItem","apiId":"/providers/Microsoft.PowerApps/apis/shared_commondataserviceforapps"},"parameters":{"entityName":"ir_workflowtasks","recordId":"@triggerBody()?['WorkflowTaskId']"},"authentication":"@parameters('$authentication')"}},"Initialize_ResponseMessage":{"runAfter":{"Get_Workflow_Task":["Succeeded"]},"type":"InitializeVariable","inputs":{"variables":[{"name":"ResponseMessage","type":"string"}]}},"Check_if_Task_was_already_responded":{"actions":{"Set_Response_as_Submitted":{"runAfter":{},"type":"SetVariable","inputs":{"name":"ResponseMessage","value":"Your response has been submitted."}}},"runAfter":{"Initialize_ResponseMessage":["Succeeded"]},"else":{"actions":{"Set_Response_as_already_responded":{"runAfter":{},"type":"SetVariable","inputs":{"name":"ResponseMessage","value":"This approval was already responded to, your current action will be ignored"}}}},"expression":{"and":[{"not":{"equals":["@outputs('Get_Workflow_Task')?['body/ir_taskstatus']",100000002]}},{"not":{"equals":["@outputs('Get_Workflow_Task')?['body/ir_taskstatus']",100000003]}}]},"type":"If"},"Compose_Response":{"runAfter":{"Check_if_Task_was_already_responded":["Succeeded"]},"type":"Compose","inputs":{"type":"AdaptiveCard","originator":"77fa83d2-0706-4dd5-897e-cae574ae740d","body":[{"type":"ImageSet","images":[{"type":"Image","size":"Medium","url":"https://i.ibb.co/vzvMV3G/Irfan-Rizvicom-logos-black.png","id":"AIALogo"}]},{"type":"TextBlock","size":"Medium","weight":"Bolder","text":"Thank you"},{"type":"TextBlock","text":"@{variables('ResponseMessage')}","wrap":true}],"$schema":"http://adaptivecards.io/schemas/adaptive-card.json","version":"1.0"}},"Check_if_response_was_Approved":{"actions":{"Update_Task_Approved":{"runAfter":{},"type":"OpenApiConnection","inputs":{"host":{"connectionName":"shared_commondataserviceforapps","operationId":"UpdateRecord","apiId":"/providers/Microsoft.PowerApps/apis/shared_commondataserviceforapps"},"parameters":{"entityName":"ir_workflowtasks","recordId":"@triggerBody()?['WorkflowTaskId']","item/ir_taskstatus":100000002,"item/ir_comments":"@triggerBody()?['Comments']"},"authentication":"@parameters('$authentication')"}},"Send_Approval_Response":{"runAfter":{"Update_Task_Approved":["Succeeded"]},"type":"Response","kind":"Http","inputs":{"statusCode":200,"headers":{"content-type":"application/json","CARD-UPDATE-IN-BODY":"true"},"body":"@outputs('Compose_Response')"}}},"runAfter":{"Compose_Response":["Succeeded"]},"else":{"actions":{"Update_task_status_as_rejected":{"runAfter":{},"type":"OpenApiConnection","inputs":{"host":{"connectionName":"shared_commondataserviceforapps","operationId":"UpdateRecord","apiId":"/providers/Microsoft.PowerApps/apis/shared_commondataserviceforapps"},"parameters":{"entityName":"ir_workflowtasks","recordId":"@triggerBody()?['WorkflowTaskId']","item/ir_taskstatus":100000003,"item/ir_comments":"@triggerBody()?['Comments']"},"authentication":"@parameters('$authentication')"}},"Send_Rejection_Response":{"runAfter":{"Update_task_status_as_rejected":["Succeeded"]},"type":"Response","kind":"Http","inputs":{"statusCode":200,"headers":{"content-type":"application/json","CARD-UPDATE-IN-BODY":"true"},"body":"@outputs('Compose_Response')"}}}},"expression":{"equals":["@triggerBody()?['WorkflowResult']","Approved"]},"type":"If"}},"outputs":{}}},"schemaVersion":"1.0.0.0"}