{"properties":{"connectionReferences":{"shared_commondataserviceforapps":{"runtimeSource":"embedded","connection":{"connectionReferenceLogicalName":"ir_sharedcommondataserviceforapps_9121f"},"api":{"name":"shared_commondataserviceforapps"}},"shared_office365":{"runtimeSource":"embedded","connection":{"connectionReferenceLogicalName":"ir_sharedoffice365_8f79e"},"api":{"name":"shared_office365"}}},"definition":{"$schema":"https://schema.management.azure.com/providers/Microsoft.Logic/schemas/2016-06-01/workflowdefinition.json#","contentVersion":"1.0.0.0","parameters":{"$connections":{"defaultValue":{},"type":"Object"},"$authentication":{"defaultValue":{},"type":"SecureObject"}},"triggers":{"manual":{"type":"Request","kind":"Http","inputs":{"schema":{"type":"object","properties":{"WorkflowId":{"type":"string"},"WorkflowTaskId":{"type":"string"}}}}}},"actions":{"Get_Workflow_Task":{"runAfter":{},"type":"OpenApiConnection","inputs":{"host":{"connectionName":"shared_commondataserviceforapps","operationId":"GetItem","apiId":"/providers/Microsoft.PowerApps/apis/shared_commondataserviceforapps"},"parameters":{"entityName":"ir_workflowtasks","recordId":"@triggerBody()?['WorkflowTaskId']"},"authentication":"@parameters('$authentication')"}},"Get_Workflow":{"runAfter":{"Get_Workflow_Task":["Succeeded"]},"type":"OpenApiConnection","inputs":{"host":{"connectionName":"shared_commondataserviceforapps","operationId":"GetItem","apiId":"/providers/Microsoft.PowerApps/apis/shared_commondataserviceforapps"},"parameters":{"entityName":"ir_workflows","recordId":"@triggerBody()?['WorkflowId']"},"authentication":"@parameters('$authentication')"}},"Initialize_CurrentStage":{"runAfter":{"Get_Project_Proposal":["Succeeded"]},"type":"InitializeVariable","inputs":{"variables":[{"name":"CurrentStage","type":"integer","value":"@outputs('Get_Workflow')?['body/ir_currentstagesequencenumber']"}]}},"Initialize_AssignedTo":{"runAfter":{"Initialize_CurrentStage":["Succeeded"]},"type":"InitializeVariable","inputs":{"variables":[{"name":"AssignedTo","type":"string","value":"@outputs('Get_Workflow_Task')?['body/_ir_assignedto_value']"}]}},"Initialize_PreviousComments":{"runAfter":{"Initialize_AssignedTo":["Succeeded"]},"type":"InitializeVariable","inputs":{"variables":[{"name":"PreviousComments","type":"array"}]}},"Assigned_To_is_not_blank":{"actions":{"Get_Assigned_To":{"runAfter":{},"type":"OpenApiConnection","inputs":{"host":{"connectionName":"shared_commondataserviceforapps","operationId":"GetItem","apiId":"/providers/Microsoft.PowerApps/apis/shared_commondataserviceforapps"},"parameters":{"entityName":"systemusers","recordId":"@variables('AssignedTo')"},"authentication":"@parameters('$authentication')"}},"Set_Task_Status_to_In_Progress":{"runAfter":{"Get_Assigned_To":["Succeeded"]},"type":"OpenApiConnection","inputs":{"host":{"connectionName":"shared_commondataserviceforapps","operationId":"UpdateRecord","apiId":"/providers/Microsoft.PowerApps/apis/shared_commondataserviceforapps"},"parameters":{"entityName":"ir_workflowtasks","recordId":"@triggerBody()?['WorkflowTaskId']","item/ir_taskstatus":100000001},"authentication":"@parameters('$authentication')"}},"Get_Previous_Stage_Tasks":{"runAfter":{"Set_Task_Status_to_In_Progress":["Succeeded"]},"type":"OpenApiConnection","inputs":{"host":{"connectionName":"shared_commondataserviceforapps","operationId":"ListRecords","apiId":"/providers/Microsoft.PowerApps/apis/shared_commondataserviceforapps"},"parameters":{"entityName":"ir_workflowtasks","$filter":"_ir_workflow_value eq '@{triggerBody()?['WorkflowId']}' and ir_workflowstagesequencenumber lt @{variables('CurrentStage')}","$orderby":"ir_workflowstagesequencenumber"},"authentication":"@parameters('$authentication')"}},"Apply_to_each_previous_stage_tasks":{"foreach":"@outputs('Get_Previous_Stage_Tasks')?['body/value']","actions":{"Compose_Previous_Comment_Object":{"runAfter":{},"type":"Compose","inputs":{"title":"@{item()?['_ir_assignedto_value@OData.Community.Display.V1.FormattedValue']}","value":"@{items('Apply_to_each_previous_stage_tasks')?['ir_comments']}"}},"Append_to_array_variable":{"runAfter":{"Compose_Previous_Comment_Object":["Succeeded"]},"type":"AppendToArrayVariable","inputs":{"name":"PreviousComments","value":"@outputs('Compose_Previous_Comment_Object')"}}},"runAfter":{"Get_Previous_Stage_Tasks":["Succeeded"]},"type":"Foreach"},"Compose_Approval_Card":{"runAfter":{"Apply_to_each_previous_stage_tasks":["Succeeded"]},"type":"Compose","inputs":{"$schema":"http://adaptivecards.io/schemas/adaptive-card.json","type":"AdaptiveCard","version":"1.0","hideOriginalBody":true,"originator":"77fa83d2-0706-4dd5-897e-cae574ae740d","id":"IRApprovalCard","body":[{"type":"Image","id":"af74f0cc-087e-da0b-313e-4746086bf07f","url":"https://i.ibb.co/vzvMV3G/Irfan-Rizvicom-logos-black.png","size":"Medium"},{"type":"TextBlock","id":"Approver","text":"Dear @{outputs('Get_Assigned_To')?['body/fullname']}","wrap":true},{"type":"TextBlock","id":"Message","text":"The requester has submitted this Project Proposal for your review and approval","wrap":true},{"type":"TextBlock","id":"LblDetails","text":"Proposal Details","wrap":true,"weight":"Bolder"},{"type":"ColumnSet","id":"7e223390-d1cf-d0cb-8568-ea9f9a77eb37","columns":[{"type":"Column","id":"ProposalProperty","padding":"None","width":"150px","style":"emphasis","items":[{"type":"TextBlock","text":"Name:","id":"LblName","weight":"Bolder"},{"type":"TextBlock","text":"Department:","id":"LblDepartment","weight":"Bolder"},{"type":"TextBlock","text":"Proposed Budget:","id":"LblProposedBudget","weight":"Bolder"}]},{"type":"Column","id":"ProposalPropertyDetail","padding":"None","width":"stretch","items":[{"type":"TextBlock","text":"@{outputs('Get_Project_Proposal')?['body/ir_name']}","id":"LblNameValue"},{"type":"TextBlock","text":"@{outputs('Get_Project_Proposal')?['body/_ir_department_value@OData.Community.Display.V1.FormattedValue']}","id":"LblDepartmentValue"},{"type":"TextBlock","text":"@{outputs('Get_Project_Proposal')?['body/ir_proposedbudget@OData.Community.Display.V1.FormattedValue']}","id":"LblProposedBudgetValue"}]}],"padding":"None"},{"type":"TextBlock","id":"LblCommentsHistory","text":"Previous Comments","wrap":true,"weight":"Bolder"},{"type":"FactSet","id":"FactComments","facts":"@variables('PreviousComments')"},{"type":"Input.Text","id":"TxtComments","placeholder":"Comments (optional)","isMultiline":true,"separator":true},{"type":"ActionSet","id":"92f9e8e7-e990-00ba-2b1f-2f1044ebaa1d","actions":[{"type":"Action.Http","id":"BtnApprove","title":"Approve","url":"https://prod-05.australiasoutheast.logic.azure.com:443/workflows/04e74404f96e40e2ad2324cccfb852aa/triggers/manual/paths/invoke?api-version=2016-06-01&sp=%2Ftriggers%2Fmanual%2Frun&sv=1.0&sig=oDnqeJAksCjEHQZkJ76FN7kOk0JVDThDU6RnV5k6tnA","method":"POST","headers":[{"name":"Authorization"},{"name":"Content-type","value":"application/json"}],"body":"{\n\"WorkflowTaskId\":\"@{triggerBody()?['WorkflowTaskId']}\",\n\"WorkflowResult\":\"Approved\",\n\"Comments\":\"{{TxtComments.value}}\"\n}"},{"type":"Action.Http","id":"BtnReject","title":"Reject","method":"POST","url":"https://prod-05.australiasoutheast.logic.azure.com:443/workflows/04e74404f96e40e2ad2324cccfb852aa/triggers/manual/paths/invoke?api-version=2016-06-01&sp=%2Ftriggers%2Fmanual%2Frun&sv=1.0&sig=oDnqeJAksCjEHQZkJ76FN7kOk0JVDThDU6RnV5k6tnA","headers":[{"name":"Authorization"},{"name":"Content-type","value":"application/json"}],"body":"{\n\"WorkflowTaskId\":\"@{triggerBody()?['WorkflowTaskId']}\",\n\"WorkflowResult\":\"Rejected\",\n\"Comments\":\"{{TxtComments.value}}\"\n}"}]}],"padding":"Default"}},"Send_email_with_Approval_Message":{"runAfter":{"Compose_Approval_Card":["Succeeded"]},"type":"OpenApiConnection","inputs":{"host":{"connectionName":"shared_office365","operationId":"SendEmailV2","apiId":"/providers/Microsoft.PowerApps/apis/shared_office365"},"parameters":{"emailMessage/To":"@outputs('Get_Assigned_To')?['body/internalemailaddress']","emailMessage/Subject":"Approval Request - @{outputs('Get_Project_Proposal')?['body/ir_name']}","emailMessage/Body":"<script type=\"application/adaptivecard+json\">\n@{outputs('Compose_Approval_Card')}\n</script>"},"authentication":"@parameters('$authentication')"}}},"runAfter":{"Initialize_PreviousComments":["Succeeded"]},"else":{"actions":{"Compose_Skip_Message":{"runAfter":{},"type":"Compose","inputs":{"WorkflowTaskId":"@{triggerBody()?['WorkflowTaskId']}","WorkflowResult":"Approved","Comments":""}},"Call_Response_Received_Workflow":{"runAfter":{"Compose_Skip_Message":["Succeeded"]},"type":"Http","inputs":{"method":"POST","uri":"https://prod-05.australiasoutheast.logic.azure.com:443/workflows/04e74404f96e40e2ad2324cccfb852aa/triggers/manual/paths/invoke?api-version=2016-06-01&sp=%2Ftriggers%2Fmanual%2Frun&sv=1.0&sig=oDnqeJAksCjEHQZkJ76FN7kOk0JVDThDU6RnV5k6tnA","headers":{"content-type":"application/json"},"body":"@outputs('Compose_Skip_Message')"}}}},"expression":{"greater":["@length(variables('AssignedTo'))",0]},"type":"If"},"Get_Project_Proposal":{"runAfter":{"Get_Workflow":["Succeeded"]},"type":"OpenApiConnection","inputs":{"host":{"connectionName":"shared_commondataserviceforapps","operationId":"GetItem","apiId":"/providers/Microsoft.PowerApps/apis/shared_commondataserviceforapps"},"parameters":{"entityName":"ir_projectproposals","recordId":"@outputs('Get_Workflow')?['body/_ir_projectproposal_value']"},"authentication":"@parameters('$authentication')"}}},"outputs":{}}},"schemaVersion":"1.0.0.0"}