{"properties":{"connectionReferences":{},"definition":{"$schema":"https://schema.management.azure.com/providers/Microsoft.Logic/schemas/2016-06-01/workflowdefinition.json#","contentVersion":"1.0.0.0","parameters":{"$authentication":{"defaultValue":{},"type":"SecureObject"},"Recieve Approval Result HTTP Endpoint":{"defaultValue":"https://prod-05.australiasoutheast.logic.azure.com:443/workflows/04e74404f96e40e2ad2324cccfb852aa/triggers/manual/paths/invoke?api-version=2016-06-01&sp=%2Ftriggers%2Fmanual%2Frun&sv=1.0&sig=oDnqeJAksCjEHQZkJ76FN7kOk0JVDThDU6RnV5k6tnA","type":"String","metadata":{"schemaName":"ir_RecieveApprovalResultHTTPEndpoint","description":"Copy from flow's trigger once the url is generated"}}},"triggers":{"manual":{"type":"Request","kind":"PowerApp","inputs":{"schema":{"type":"object","properties":{"WorkflowTaskId_Value":{"type":"string","description":"Enter initial value","x-ms-powerflows-param-ispartial":false},"WorkflowResult_Value":{"type":"string","description":"Enter initial value","x-ms-powerflows-param-ispartial":false},"Comments_Value":{"type":"string","description":"Enter initial value","x-ms-powerflows-param-ispartial":false}},"required":["WorkflowTaskId_Value","WorkflowResult_Value","Comments_Value"]}}}},"actions":{"WorkflowTaskId":{"runAfter":{},"type":"InitializeVariable","inputs":{"variables":[{"name":"WorkflowTaskId","type":"string","value":"@{triggerBody()['WorkflowTaskId_Value']}"}]}},"WorkflowResult":{"runAfter":{"WorkflowTaskId":["Succeeded"]},"type":"InitializeVariable","inputs":{"variables":[{"name":"WorkflowResult","type":"string","value":"@{triggerBody()['WorkflowResult_Value']}"}]}},"Comments":{"runAfter":{"WorkflowResult":["Succeeded"]},"type":"InitializeVariable","inputs":{"variables":[{"name":"Comments","type":"string","value":"@{triggerBody()['Comments_Value']}"}]}},"Compose_Receive_Notification_Request":{"runAfter":{"Comments":["Succeeded"]},"type":"Compose","inputs":{"WorkflowTaskId":"@{variables('WorkflowTaskId')}","WorkflowResult":"@{variables('WorkflowResult')}","Comments":"@{variables('Comments')}"}},"Call_Receive_Approval_Result_Flow":{"runAfter":{"Compose_Receive_Notification_Request":["Succeeded"]},"type":"Http","inputs":{"method":"POST","uri":"@parameters('Recieve Approval Result HTTP Endpoint')","headers":{"content-type":"application/json"},"body":"@outputs('Compose_Receive_Notification_Request')"}},"Respond_to_a_PowerApp_or_flow":{"runAfter":{"Call_Receive_Approval_Result_Flow":["Succeeded"]},"type":"Response","kind":"PowerApp","inputs":{"statusCode":200,"body":{},"schema":{"type":"object","properties":{}}}}},"outputs":{}}},"schemaVersion":"1.0.0.0"}