{"properties":{"connectionReferences":{"shared_commondataserviceforapps":{"runtimeSource":"embedded","connection":{"connectionReferenceLogicalName":"ir_sharedcommondataserviceforapps_9121f"},"api":{"name":"shared_commondataserviceforapps"}}},"definition":{"$schema":"https://schema.management.azure.com/providers/Microsoft.Logic/schemas/2016-06-01/workflowdefinition.json#","contentVersion":"1.0.0.0","parameters":{"$connections":{"defaultValue":{},"type":"Object"},"$authentication":{"defaultValue":{},"type":"SecureObject"}},"triggers":{"When_a_row_is_added,_modified_or_deleted":{"type":"OpenApiConnectionWebhook","inputs":{"host":{"connectionName":"shared_commondataserviceforapps","operationId":"SubscribeWebhookTrigger","apiId":"/providers/Microsoft.PowerApps/apis/shared_commondataserviceforapps"},"parameters":{"subscriptionRequest/message":3,"subscriptionRequest/entityname":"ir_projectproposalapprover","subscriptionRequest/scope":4,"subscriptionRequest/filteringattributes":"ir_approver","subscriptionRequest/filterexpression":"ir_mandatory eq true"},"authentication":"@parameters('$authentication')"}}},"actions":{"Get_All_Incomplete_Mandatory_Project_Proposal_Approvers":{"runAfter":{"Get_Project_Proposal_Approver":["Succeeded"]},"type":"OpenApiConnection","inputs":{"host":{"connectionName":"shared_commondataserviceforapps","operationId":"ListRecords","apiId":"/providers/Microsoft.PowerApps/apis/shared_commondataserviceforapps"},"parameters":{"entityName":"ir_projectproposalapprovers","$filter":"ir_mandatory eq true and _ir_projectproposal_value eq '@{outputs('Get_Project_Proposal_Approver')?['body/_ir_projectproposal_value']}' and ir_iscomplete eq false"},"authentication":"@parameters('$authentication')"}},"Initialize_Complete":{"runAfter":{"Get_All_Incomplete_Mandatory_Project_Proposal_Approvers":["Succeeded"]},"type":"InitializeVariable","inputs":{"variables":[{"name":"Complete","type":"boolean","value":"@true"}]}},"Mark_Approvers_Completed":{"runAfter":{"Check_if_there_incomplete_mandatory_approvers":["Succeeded"]},"type":"OpenApiConnection","inputs":{"host":{"connectionName":"shared_commondataserviceforapps","operationId":"UpdateRecord","apiId":"/providers/Microsoft.PowerApps/apis/shared_commondataserviceforapps"},"parameters":{"entityName":"ir_projectproposals","recordId":"@outputs('Get_Project_Proposal_Approver')?['body/_ir_projectproposal_value']","item/ir_approverscompleted":"@variables('Complete')"},"authentication":"@parameters('$authentication')"}},"Get_Project_Proposal_Approver":{"runAfter":{},"type":"OpenApiConnection","inputs":{"host":{"connectionName":"shared_commondataserviceforapps","operationId":"GetItem","apiId":"/providers/Microsoft.PowerApps/apis/shared_commondataserviceforapps"},"parameters":{"entityName":"ir_projectproposalapprovers","recordId":"@triggerOutputs()?['body/ir_projectproposalapproverid']"},"authentication":"@parameters('$authentication')"}},"Check_if_there_incomplete_mandatory_approvers":{"actions":{"Set_Complete_to_false":{"runAfter":{},"type":"SetVariable","inputs":{"name":"Complete","value":"@false"}}},"runAfter":{"Initialize_Complete":["Succeeded"]},"else":{"actions":{"Set_Complete_to_true":{"runAfter":{},"type":"SetVariable","inputs":{"name":"Complete","value":"@true"}}}},"expression":{"greater":["@length(outputs('Get_All_Incomplete_Mandatory_Project_Proposal_Approvers')?['body/value'])",0]},"type":"If"}},"outputs":{}}},"schemaVersion":"1.0.0.0"}