{"properties":{"connectionReferences":{"shared_commondataserviceforapps":{"runtimeSource":"embedded","connection":{"connectionReferenceLogicalName":"ir_sharedcommondataserviceforapps_9121f"},"api":{"name":"shared_commondataserviceforapps"}}},"definition":{"$schema":"https://schema.management.azure.com/providers/Microsoft.Logic/schemas/2016-06-01/workflowdefinition.json#","contentVersion":"1.0.0.0","parameters":{"$connections":{"defaultValue":{},"type":"Object"},"$authentication":{"defaultValue":{},"type":"SecureObject"}},"triggers":{"When_a_new_Project_Proposal_is_created":{"type":"OpenApiConnectionWebhook","inputs":{"host":{"connectionName":"shared_commondataserviceforapps","operationId":"SubscribeWebhookTrigger","apiId":"/providers/Microsoft.PowerApps/apis/shared_commondataserviceforapps"},"parameters":{"subscriptionRequest/message":1,"subscriptionRequest/entityname":"ir_projectproposal","subscriptionRequest/scope":4},"authentication":"@parameters('$authentication')"}}},"actions":{"Get_Workflow_Configuration":{"runAfter":{"Initialize_ApproversCompleted":["Succeeded"]},"type":"OpenApiConnection","inputs":{"host":{"connectionName":"shared_commondataserviceforapps","operationId":"ListRecords","apiId":"/providers/Microsoft.PowerApps/apis/shared_commondataserviceforapps"},"parameters":{"entityName":"ir_workflowconfigurations","$filter":"ir_referencekey eq '@{triggerOutputs()?['body/ir_referencekey']}'","$top":1},"authentication":"@parameters('$authentication')"}},"Apply_to_each_Workflow_Configuration":{"foreach":"@outputs('Get_Workflow_Configuration')?['body/value']","actions":{"Get_Workflow_Stage_Configurations":{"runAfter":{},"type":"OpenApiConnection","inputs":{"host":{"connectionName":"shared_commondataserviceforapps","operationId":"ListRecords","apiId":"/providers/Microsoft.PowerApps/apis/shared_commondataserviceforapps"},"parameters":{"entityName":"ir_workflowstageconfigurations","$filter":"_ir_workflowconfiguration_value eq '@{items('Apply_to_each_Workflow_Configuration')?['ir_workflowconfigurationid']}'"},"authentication":"@parameters('$authentication')"}},"Apply_to_each_Workflow_Stage_Configuration":{"foreach":"@outputs('Get_Workflow_Stage_Configurations')?['body/value']","actions":{"Get_Workflow_Stage_Approvers":{"runAfter":{},"type":"OpenApiConnection","inputs":{"host":{"connectionName":"shared_commondataserviceforapps","operationId":"ListRecords","apiId":"/providers/Microsoft.PowerApps/apis/shared_commondataserviceforapps"},"parameters":{"entityName":"ir_workflowstageapprovers","$filter":"_ir_workflowstageconfiguration_value eq '@{items('Apply_to_each_Workflow_Stage_Configuration')?['ir_workflowstageconfigurationid']}'"},"authentication":"@parameters('$authentication')"}},"Select_Approvers":{"runAfter":{"Get_Workflow_Stage_Approvers":["Succeeded"]},"type":"Select","inputs":{"from":"@outputs('Get_Workflow_Stage_Approvers')?['body/value']","select":{"ApproverRole":"@item()?['ir_approverrole']","DefaultApprover":"@item()?['_ir_defaultapprover_value']","Mandatory":"@item()?['ir_mandatoryapprover']"}}},"Apply_to_each_Approver":{"foreach":"@body('Select_Approvers')","actions":{"Add_Approver_to_Approver_List":{"runAfter":{},"type":"AppendToArrayVariable","inputs":{"name":"ApproverList","value":"@item()"}}},"runAfter":{"Select_Approvers":["Succeeded"]},"type":"Foreach"}},"runAfter":{"Get_Workflow_Stage_Configurations":["Succeeded"]},"type":"Foreach"}},"runAfter":{"Get_Workflow_Configuration":["Succeeded"]},"type":"Foreach"},"Initialize_Approver_List":{"runAfter":{},"type":"InitializeVariable","inputs":{"variables":[{"name":"ApproverList","type":"array"}]}},"Apply_to_each_Approver_in_Approvers_List":{"foreach":"@variables('ApproverList')","actions":{"Parse_Approver_Object":{"runAfter":{},"type":"ParseJson","inputs":{"content":"@item()","schema":{"type":"object","properties":{"ApproverRole":{"type":"string"},"DefaultApprover":{"type":["string","null"]},"Mandatory":{"type":"boolean"}}}}},"Check_if_Default_Approver_Available":{"actions":{"Add_Approver_with_Default_Value":{"runAfter":{},"type":"OpenApiConnection","inputs":{"host":{"connectionName":"shared_commondataserviceforapps","operationId":"CreateRecord","apiId":"/providers/Microsoft.PowerApps/apis/shared_commondataserviceforapps"},"parameters":{"entityName":"ir_projectproposalapprovers","item/ir_approvalrole":"@body('Parse_Approver_Object')?['ApproverRole']","item/ir_ProjectProposal@odata.bind":"ir_projectproposals(@{triggerOutputs()?['body/ir_projectproposalid']})","item/ir_Approver@odata.bind":"systemusers(@{body('Parse_Approver_Object')?['DefaultApprover']})","item/ir_mandatory":"@body('Parse_Approver_Object')?['Mandatory']"},"authentication":"@parameters('$authentication')"}}},"runAfter":{"Parse_Approver_Object":["Succeeded"]},"else":{"actions":{"Add_Approver_without_Default_Value":{"runAfter":{},"type":"OpenApiConnection","inputs":{"host":{"connectionName":"shared_commondataserviceforapps","operationId":"CreateRecord","apiId":"/providers/Microsoft.PowerApps/apis/shared_commondataserviceforapps"},"parameters":{"entityName":"ir_projectproposalapprovers","item/ir_approvalrole":"@body('Parse_Approver_Object')?['ApproverRole']","item/ir_ProjectProposal@odata.bind":"ir_projectproposals(@{triggerOutputs()?['body/ir_projectproposalid']})","item/ir_mandatory":"@body('Parse_Approver_Object')?['Mandatory']"},"authentication":"@parameters('$authentication')"}},"Check_if_Mandatory":{"actions":{"Set_ApproversCompleted_to_False":{"runAfter":{},"type":"SetVariable","inputs":{"name":"ApproversCompleted","value":"@false"}}},"runAfter":{"Add_Approver_without_Default_Value":["Succeeded"]},"expression":{"equals":["@body('Parse_Approver_Object')?['Mandatory']","@true"]},"type":"If"}}},"expression":{"not":{"equals":["@item()['DefaultApprover']","@null"]}},"type":"If"}},"runAfter":{"Apply_to_each_Workflow_Configuration":["Succeeded"]},"type":"Foreach"},"Mark_Approvers_created":{"runAfter":{"Apply_to_each_Approver_in_Approvers_List":["Succeeded"]},"type":"OpenApiConnection","inputs":{"host":{"connectionName":"shared_commondataserviceforapps","operationId":"UpdateRecord","apiId":"/providers/Microsoft.PowerApps/apis/shared_commondataserviceforapps"},"parameters":{"entityName":"ir_projectproposals","recordId":"@triggerOutputs()?['body/ir_projectproposalid']","item/ir_approverscompleted":"@variables('ApproversCompleted')","item/ir_approverscreated":true},"authentication":"@parameters('$authentication')"}},"Initialize_ApproversCompleted":{"runAfter":{"Initialize_Approver_List":["Succeeded"]},"type":"InitializeVariable","inputs":{"variables":[{"name":"ApproversCompleted","type":"boolean","value":"@true"}]}}},"outputs":{}}},"schemaVersion":"1.0.0.0"}