{"properties":{"connectionReferences":{"shared_commondataserviceforapps":{"runtimeSource":"embedded","connection":{"connectionReferenceLogicalName":"ir_sharedcommondataserviceforapps_9121f"},"api":{"name":"shared_commondataserviceforapps"}}},"definition":{"$schema":"https://schema.management.azure.com/providers/Microsoft.Logic/schemas/2016-06-01/workflowdefinition.json#","contentVersion":"1.0.0.0","parameters":{"$connections":{"defaultValue":{},"type":"Object"},"$authentication":{"defaultValue":{},"type":"SecureObject"}},"triggers":{"manual":{"type":"Request","kind":"Http","inputs":{"schema":{"type":"object","properties":{"ProjectProposalId":{"type":"string"},"WorkflowId":{"type":"string"}}}}}},"actions":{"Get_Previous_Workflows":{"runAfter":{},"type":"OpenApiConnection","inputs":{"host":{"connectionName":"shared_commondataserviceforapps","operationId":"ListRecords","apiId":"/providers/Microsoft.PowerApps/apis/shared_commondataserviceforapps"},"parameters":{"entityName":"ir_workflows","$filter":"_ir_projectproposal_value eq '@{triggerBody()?['ProjectProposalId']}' and ir_workflowid ne '@{triggerBody()?['WorkflowId']}'"},"authentication":"@parameters('$authentication')"}},"Apply_to_each_previous_workflow":{"foreach":"@outputs('Get_Previous_Workflows')?['body/value']","actions":{"Mark_Workflow_Cancelled":{"runAfter":{},"type":"OpenApiConnection","inputs":{"host":{"connectionName":"shared_commondataserviceforapps","operationId":"UpdateRecord","apiId":"/providers/Microsoft.PowerApps/apis/shared_commondataserviceforapps"},"parameters":{"entityName":"ir_workflows","recordId":"@items('Apply_to_each_previous_workflow')?['ir_workflowid']","item/ir_workflowstatus":100000004},"authentication":"@parameters('$authentication')"}}},"runAfter":{"Get_Previous_Workflows":["Succeeded"]},"type":"Foreach"},"Mark_Workflow_as_In_Progress":{"runAfter":{"Apply_to_each_previous_workflow":["Succeeded"]},"type":"OpenApiConnection","inputs":{"host":{"connectionName":"shared_commondataserviceforapps","operationId":"UpdateRecord","apiId":"/providers/Microsoft.PowerApps/apis/shared_commondataserviceforapps"},"parameters":{"entityName":"ir_workflows","recordId":"@triggerBody()?['WorkflowId']","item/ir_currentstagesequencenumber":1,"item/ir_workflowstatus":100000001},"authentication":"@parameters('$authentication')"}},"Get_All_Workflow_Tasks_of_the_current_workflow":{"runAfter":{"Mark_Workflow_as_In_Progress":["Succeeded"]},"type":"OpenApiConnection","inputs":{"host":{"connectionName":"shared_commondataserviceforapps","operationId":"ListRecords","apiId":"/providers/Microsoft.PowerApps/apis/shared_commondataserviceforapps"},"parameters":{"entityName":"ir_workflowtasks","$filter":"_ir_workflow_value eq '@{triggerBody()?['WorkflowId']}'"},"authentication":"@parameters('$authentication')"}},"Apply_to_each_workflow_task":{"foreach":"@outputs('Get_All_Workflow_Tasks_of_the_current_workflow')?['body/value']","actions":{"Mark_task_as_Not_Started":{"runAfter":{},"type":"OpenApiConnection","inputs":{"host":{"connectionName":"shared_commondataserviceforapps","operationId":"UpdateRecord","apiId":"/providers/Microsoft.PowerApps/apis/shared_commondataserviceforapps"},"parameters":{"entityName":"ir_workflowtasks","recordId":"@items('Apply_to_each_workflow_task')?['ir_workflowtaskid']","item/ir_taskstatus":100000005},"authentication":"@parameters('$authentication')"}}},"runAfter":{"Get_All_Workflow_Tasks_of_the_current_workflow":["Succeeded"]},"type":"Foreach"},"Filter_first_stage_tasks":{"runAfter":{"Apply_to_each_workflow_task":["Succeeded"]},"type":"Query","inputs":{"from":"@outputs('Get_All_Workflow_Tasks_of_the_current_workflow')?['body/value']","where":"@equals(item()?['ir_workflowstagesequencenumber'], 1)"}},"Apply_to_each":{"foreach":"@body('Filter_first_stage_tasks')","actions":{"Compose_Send_Approval_Request":{"runAfter":{},"type":"Compose","inputs":{"WorkflowId":"@{triggerBody()?['WorkflowId']}","WorkflowTaskId":"@{item()?['ir_workflowtaskid']}"}},"Call_Send_Approval_Notification_Flow":{"runAfter":{"Compose_Send_Approval_Request":["Succeeded"]},"type":"Http","inputs":{"method":"POST","uri":"https://prod-20.australiasoutheast.logic.azure.com:443/workflows/c99960db38c64bfd81879f683644b566/triggers/manual/paths/invoke?api-version=2016-06-01&sp=%2Ftriggers%2Fmanual%2Frun&sv=1.0&sig=wgRj9cWaWv7XtanKoOYO6QZDkopfOAPtM2oKRssFF7I","headers":{"content-type":"application/json"},"body":"@outputs('Compose_Send_Approval_Request')"}}},"runAfter":{"Filter_first_stage_tasks":["Succeeded"]},"type":"Foreach"},"Response":{"runAfter":{"Apply_to_each":["Succeeded"]},"type":"Response","kind":"Http","inputs":{"statusCode":200}}},"outputs":{}}},"schemaVersion":"1.0.0.0"}